{"r2": 0.551639185777884, "mae": 32.95800164473685, "feature_importance": {"_type": "image-file", "sha256": "13e79bbaf97effa8208161fd22d68d0695eda86f58b47d6dddf37f4c8834659a", "size": 33327, "path": "media/images/feature_importance_0_13e79bbaf97effa82081.png", "format": "png", "width": 1000, "height": 1000}, "_timestamp": 1670574973.808795, "_runtime": 41.064367055892944, "_step": 0, "_wandb": {"runtime": 40}}