{"r2": 0.5796223280238929, "mae": 32.57272203947369, "feature_importance": {"_type": "image-file", "sha256": "38388de3eb32f30eebb40907bafb118850ac789562ce433acb6296f98cc9d01e", "size": 33862, "path": "media/images/feature_importance_0_38388de3eb32f30eebb4.png", "format": "png", "width": 1000, "height": 1000}, "_timestamp": 1670577539.658448, "_runtime": 41.0841600894928, "_step": 0, "_wandb": {"runtime": 40}}