{"r2": 0.5800475782990073, "mae": 32.60955098684211, "feature_importance": {"_type": "image-file", "sha256": "632bac863a8ce37e4c932828130b0d143d6e49de1f1e544a0a2c07f5451e752b", "size": 33864, "path": "media/images/feature_importance_0_632bac863a8ce37e4c93.png", "format": "png", "width": 1000, "height": 1000}, "_timestamp": 1670530172.263123, "_runtime": 39.024359941482544, "_step": 0, "_wandb": {"runtime": 38}}