{"r2": 0.5031823237224484, "mae": 34.81872039473684, "feature_importance": {"_type": "image-file", "sha256": "8100ba3e0157c5cb11e6d77dc71c98e7b45c516e8a50d3cd25533c2669a6a8b9", "size": 34488, "path": "media/images/feature_importance_0_8100ba3e0157c5cb11e6.png", "format": "png", "width": 1000, "height": 1000}, "_timestamp": 1670528197.772117, "_runtime": 32.88676595687866, "_step": 0, "_wandb": {"runtime": 32}}