{"r2": 0.5788136110463888, "mae": 32.61782236842105, "feature_importance": {"_type": "image-file", "sha256": "4be938c9392825641d4304e6a3bf188090063ae10634f756f5225d105decaecb", "size": 33869, "path": "media/images/feature_importance_0_4be938c9392825641d43.png", "format": "png", "width": 1000, "height": 1000}, "_timestamp": 1670529391.139701, "_runtime": 38.80832290649414, "_step": 0, "_wandb": {"runtime": 38}}