{"r2": 0.5803484267625267, "mae": 32.60163157894736, "feature_importance": {"_type": "image-file", "sha256": "2857235af7a7724204a30072382c5b640d4112f2cc4850cb7e43f1af3ce0e093", "size": 33861, "path": "media/images/feature_importance_0_2857235af7a7724204a3.png", "format": "png", "width": 1000, "height": 1000}, "_timestamp": 1670530063.826837, "_runtime": 40.52262616157532, "_step": 0, "_wandb": {"runtime": 39}}