{"r2": 0.5762521810172315, "mae": 32.62347039473684, "feature_importance": {"_type": "image-file", "sha256": "3286e1b79309a91bd9c8cdf357c644f4474b19fbe3224cbde4615ae59f080208", "size": 33850, "path": "media/images/feature_importance_0_3286e1b79309a91bd9c8.png", "format": "png", "width": 1000, "height": 1000}, "_timestamp": 1670576190.8893619, "_runtime": 42.049943923950195, "_step": 0, "_wandb": {"runtime": 41}}