{"r2": 0.5783986483731642, "mae": 32.592478618421055, "feature_importance": {"_type": "image-file", "sha256": "d69e189749d61d19e3b8a95ae03f56e00c8b41faeb72b8e46a749919a7e0dbca", "size": 33318, "path": "media/images/feature_importance_0_d69e189749d61d19e3b8.png", "format": "png", "width": 1000, "height": 1000}, "_timestamp": 1670575968.69223, "_runtime": 40.90649604797363, "_step": 0, "_wandb": {"runtime": 40}}