{"r2": 0.5776129763313385, "mae": 32.64848026315789, "feature_importance": {"_type": "image-file", "sha256": "1ba0ee5834897c76ec486a2b0f02046d61e8685b4244f58129a6fd42aeb9f4b7", "size": 33870, "path": "media/images/feature_importance_0_1ba0ee5834897c76ec48.png", "format": "png", "width": 1000, "height": 1000}, "_timestamp": 1670576412.48792, "_runtime": 42.3104989528656, "_step": 0, "_wandb": {"runtime": 41}}