{"r2": 0.5332129799668128, "mae": 33.614789473684205, "feature_importance": {"_type": "image-file", "sha256": "de50ab27c7df877ed28388a7670f6c3609128ed4f8387b26c05fa5134de84f05", "size": 33868, "path": "media/images/feature_importance_0_de50ab27c7df877ed283.png", "format": "png", "width": 1000, "height": 1000}, "_timestamp": 1670528303.5312798, "_runtime": 35.61744689941406, "_step": 0, "_wandb": {"runtime": 35}}