{"r2": 0.5798319893361865, "mae": 32.596172697368424, "feature_importance": {"_type": "image-file", "sha256": "712f408a28a92de9c42b376fc70216cc55529dab304453366690143f55ca91c8", "size": 33853, "path": "media/images/feature_importance_0_712f408a28a92de9c42b.png", "format": "png", "width": 1000, "height": 1000}, "_timestamp": 1670532644.3026729, "_runtime": 41.025784969329834, "_step": 0, "_wandb": {"runtime": 40}}