{"r2": 0.5794259749037314, "mae": 32.67046052631579, "feature_importance": {"_type": "image-file", "sha256": "89ff8a60741594e8532e86ffee127cd3eca4fe2e99f900ea38361e0b12a5bf42", "size": 33864, "path": "media/images/feature_importance_0_89ff8a60741594e8532e.png", "format": "png", "width": 1000, "height": 1000}, "_timestamp": 1670577092.065836, "_runtime": 40.98060488700867, "_step": 0, "_wandb": {"runtime": 40}}