{"r2": 0.30926943596411927, "mae": 42.900861842105265, "feature_importance": {"_type": "image-file", "sha256": "99c63f1b32baf78d29c8f3402ffe3b6efffa86287c9b826c4e6d924d54040bfc", "size": 33818, "path": "media/images/feature_importance_0_99c63f1b32baf78d29c8.png", "format": "png", "width": 1000, "height": 1000}, "_timestamp": 1670525586.816733, "_runtime": 17.709845781326294, "_step": 0, "_wandb": {"runtime": 17}}