{"r2": 0.5795415063846097, "mae": 32.631884868421054, "feature_importance": {"_type": "image-file", "sha256": "c1ced0d124a61e95351370e840ce18a84aa47f618ac405a527a168d9103de71b", "size": 33853, "path": "media/images/feature_importance_0_c1ced0d124a61e953513.png", "format": "png", "width": 1000, "height": 1000}, "_timestamp": 1670529955.287766, "_runtime": 38.70737886428833, "_step": 0, "_wandb": {"runtime": 38}}