{"r2": 0.5800000666286997, "mae": 32.59248848684211, "feature_importance": {"_type": "image-file", "sha256": "8b8ac4592dbc22a0c5bbcea96f5be7f10a8387d5797be7986835d3cbb6f6b3a1", "size": 33853, "path": "media/images/feature_importance_0_8b8ac4592dbc22a0c5bb.png", "format": "png", "width": 1000, "height": 1000}, "_timestamp": 1670530415.4073758, "_runtime": 39.1116087436676, "_step": 0, "_wandb": {"runtime": 38}}