{"r2": 0.5778617950907908, "mae": 32.63993092105263, "feature_importance": {"_type": "image-file", "sha256": "3b5a02d8ca8d08d67b2a6e528e819635e0560f03418c9c7edd3ac374e389348b", "size": 33861, "path": "media/images/feature_importance_0_3b5a02d8ca8d08d67b2a.png", "format": "png", "width": 1000, "height": 1000}, "_timestamp": 1670577314.22172, "_runtime": 42.91048789024353, "_step": 0, "_wandb": {"runtime": 42}}