{"r2": 0.57901198761516, "mae": 32.614789473684205, "feature_importance": {"_type": "image-file", "sha256": "bb27c2c122209137538024466713b0523fe7ef80f6eb3f581f65f1a804ac56ef", "size": 33864, "path": "media/images/feature_importance_0_bb27c2c1222091375380.png", "format": "png", "width": 1000, "height": 1000}, "_timestamp": 1670577889.597246, "_runtime": 44.09038496017456, "_step": 0, "_wandb": {"runtime": 43}}