{"r2": 0.46281609091201403, "mae": 36.814190789473685, "feature_importance": {"_type": "image-file", "sha256": "f8a2e7ca6e77309c933412660d833dd5da961da0321514a607c549958a2c35a3", "size": 34468, "path": "media/images/feature_importance_0_f8a2e7ca6e77309c9334.png", "format": "png", "width": 1000, "height": 1000}, "_timestamp": 1670574304.285732, "_runtime": 28.350316047668457, "_step": 0, "_wandb": {"runtime": 27}}