{"r2": 0.5795757468934263, "mae": 32.59594572368421, "feature_importance": {"_type": "image-file", "sha256": "34291d6233e2a6e640ca2063c174d2432c3380951ae580bd0fb87d0d59651282", "size": 33870, "path": "media/images/feature_importance_0_34291d6233e2a6e640ca.png", "format": "png", "width": 1000, "height": 1000}, "_timestamp": 1670577999.4935129, "_runtime": 41.75102090835571, "_step": 0, "_wandb": {"runtime": 40}}