{"r2": 0.5794700110906998, "mae": 32.61056907894737, "feature_importance": {"_type": "image-file", "sha256": "59c5aa13a5059e5a2b792315fc9a8962e1203f25261a60640cb33889780c1ed3", "size": 33853, "path": "media/images/feature_importance_0_59c5aa13a5059e5a2b79.png", "format": "png", "width": 1000, "height": 1000}, "_timestamp": 1670530309.518799, "_runtime": 39.50379514694214, "_step": 0, "_wandb": {"runtime": 38}}