{"r2": 0.5770076380132083, "mae": 32.57827302631579, "feature_importance": {"_type": "image-file", "sha256": "dcafd5b005f9fe9fcc0df263bc54826cc2f12f0d6625ec72a3b576fb2d796e60", "size": 33323, "path": "media/images/feature_importance_0_dcafd5b005f9fe9fcc0d.png", "format": "png", "width": 1000, "height": 1000}, "_timestamp": 1670575859.8454049, "_runtime": 41.247182846069336, "_step": 0, "_wandb": {"runtime": 40}}