{"r2": 0.5779383924043527, "mae": 32.58007894736842, "feature_importance": {"_type": "image-file", "sha256": "7ccbf9769aae9eeb76d28f3d2edce4a696f1b735139726fcb98a238f80a9ccd8", "size": 33865, "path": "media/images/feature_importance_0_7ccbf9769aae9eeb76d2.png", "format": "png", "width": 1000, "height": 1000}, "_timestamp": 1670528955.473944, "_runtime": 38.28013205528259, "_step": 0, "_wandb": {"runtime": 37}}