{"r2": 0.5813851407922269, "mae": 32.550175986842106, "feature_importance": {"_type": "image-file", "sha256": "330a103b76b53ba9c37b709d0a717ee958d4b6f85e266a294630f5cf862516ec", "size": 33866, "path": "media/images/feature_importance_0_330a103b76b53ba9c37b.png", "format": "png", "width": 1000, "height": 1000}, "_timestamp": 1670577652.932808, "_runtime": 44.304287910461426, "_step": 0, "_wandb": {"runtime": 43}}