{"r2": 0.48281927038440975, "mae": 35.80466611842105, "feature_importance": {"_type": "image-file", "sha256": "0d9a76f6a75f2412b27614a4f8be1b94597d8aa98c9cf3dd397eafdea06c72e8", "size": 34473, "path": "media/images/feature_importance_0_0d9a76f6a75f2412b276.png", "format": "png", "width": 1000, "height": 1000}, "_timestamp": 1670574406.64574, "_runtime": 33.09942007064819, "_step": 0, "_wandb": {"runtime": 32}}