{"r2": 0.5584207870605478, "mae": 32.751097039473684, "feature_importance": {"_type": "image-file", "sha256": "09e7c3891d9e2baa7bf78dd9067ba793e7aaf687f77ada0ec1f3ac6a7c2a7620", "size": 33329, "path": "media/images/feature_importance_0_09e7c3891d9e2baa7bf7.png", "format": "png", "width": 1000, "height": 1000}, "_timestamp": 1670522517.6791968, "_runtime": 37.26253890991211, "_step": 0, "_wandb": {"runtime": 36}}