{"r2": 0.575095002128355, "mae": 32.52487171052631, "feature_importance": {"_type": "image-file", "sha256": "55d2b9f9c1a60e5b00aa8a55cd2456dcf26e7ecd3223fc625737ba1503feb481", "size": 33320, "path": "media/images/feature_importance_0_55d2b9f9c1a60e5b00aa.png", "format": "png", "width": 1000, "height": 1000}, "_timestamp": 1670575748.311135, "_runtime": 39.346400022506714, "_step": 0, "_wandb": {"runtime": 38}}