{"r2": 0.5803863324788019, "mae": 32.59215789473684, "feature_importance": {"_type": "image-file", "sha256": "5f1223f28c5688eb7335134d19e10dc4fe3a7613a5cd42f1c0953183e6fadd5f", "size": 33860, "path": "media/images/feature_importance_0_5f1223f28c5688eb7335.png", "format": "png", "width": 1000, "height": 1000}, "_timestamp": 1670577202.003187, "_runtime": 40.67716097831726, "_step": 0, "_wandb": {"runtime": 40}}