{"r2": 0.5801155019526121, "mae": 32.58959375, "feature_importance": {"_type": "image-file", "sha256": "c3bd35af5d19119608912a0a4bbf02a8e2f62539258bb7b577f0fe0fb466c448", "size": 33861, "path": "media/images/feature_importance_0_c3bd35af5d1911960891.png", "format": "png", "width": 1000, "height": 1000}, "_timestamp": 1670578218.617384, "_runtime": 39.89142084121704, "_step": 0, "_wandb": {"runtime": 39}}