{"r2": 0.569342531323499, "mae": 32.47887664473684, "feature_importance": {"_type": "image-file", "sha256": "fd3d94656768765abe33f27a0343f9731fab4995f2b45f58a9fe34a60fa6cca8", "size": 33330, "path": "media/images/feature_importance_0_fd3d94656768765abe33.png", "format": "png", "width": 1000, "height": 1000}, "_timestamp": 1670575302.468711, "_runtime": 38.72611379623413, "_step": 0, "_wandb": {"runtime": 38}}