{"r2": 0.5758365622188214, "mae": 32.481705592105264, "feature_importance": {"_type": "image-file", "sha256": "ea8e97c719e8f5b5bcd056051f24ca31f394c4d9f311e434969cdb5c646ee263", "size": 33313, "path": "media/images/feature_importance_0_ea8e97c719e8f5b5bcd0.png", "format": "png", "width": 1000, "height": 1000}, "_timestamp": 1670009173.228192, "_runtime": 40.77966499328613, "_step": 0, "_wandb": {"runtime": 39}}