{"r2": 0.5786943887970362, "mae": 32.63002960526316, "feature_importance": {"_type": "image-file", "sha256": "72a508bc16c0476155bcc6f32a8b14a26fc1a808e336890f714500419477be08", "size": 33867, "path": "media/images/feature_importance_0_72a508bc16c0476155bc.png", "format": "png", "width": 1000, "height": 1000}, "_timestamp": 1670576860.616097, "_runtime": 39.33273386955261, "_step": 0, "_wandb": {"runtime": 38}}