{"r2": 0.5808980334819878, "mae": 32.53075493421053, "feature_importance": {"_type": "image-file", "sha256": "829fdb22fa570e1c2666a431b3a00cec17ecaf82d20fb4658fb933981080d3cb", "size": 33861, "path": "media/images/feature_importance_0_829fdb22fa570e1c2666.png", "format": "png", "width": 1000, "height": 1000}, "_timestamp": 1670529607.772834, "_runtime": 39.032572984695435, "_step": 0, "_wandb": {"runtime": 38}}