{"r2": 0.5792692375811692, "mae": 32.67974177631579, "feature_importance": {"_type": "image-file", "sha256": "1526b7d86155e6acb964421b8b4895e3c7a6e8e784ef611842f7af52cb9a1dbc", "size": 33866, "path": "media/images/feature_importance_0_1526b7d86155e6acb964.png", "format": "png", "width": 1000, "height": 1000}, "_timestamp": 1670576633.177352, "_runtime": 40.26592683792114, "_step": 0, "_wandb": {"runtime": 39}}