{"r2": 0.5727122981501919, "mae": 32.54998355263158, "feature_importance": {"_type": "image-file", "sha256": "7db0effb59716b532ac7d762e9c74c174628f1502a345a934c67717bf1809a90", "size": 33329, "path": "media/images/feature_importance_0_7db0effb59716b532ac7.png", "format": "png", "width": 1000, "height": 1000}, "_timestamp": 1670575523.873199, "_runtime": 41.439059019088745, "_step": 0, "_wandb": {"runtime": 40}}