{"r2": 0.4154080173739625, "mae": 38.79858552631579, "feature_importance": {"_type": "image-file", "sha256": "a65c95a22d420184efa19386ed32ec32a8faee8d5b5f4377b73b51ebfeaab843", "size": 34448, "path": "media/images/feature_importance_0_a65c95a22d420184efa1.png", "format": "png", "width": 1000, "height": 1000}, "_timestamp": 1670574202.99195, "_runtime": 26.96627712249756, "_step": 0, "_wandb": {"runtime": 26}}