{"r2": 0.5708518113052709, "mae": 32.53389309210527, "feature_importance": {"_type": "image-file", "sha256": "d6350b9e1fad0214ef31b2662e003d930adaf68845b69341eec56a5448af859d", "size": 33324, "path": "media/images/feature_importance_0_d6350b9e1fad0214ef31.png", "format": "png", "width": 1000, "height": 1000}, "_timestamp": 1670528627.956914, "_runtime": 39.71778583526611, "_step": 0, "_wandb": {"runtime": 39}}