{"r2": 0.5776614286147543, "mae": 32.675034539473685, "feature_importance": {"_type": "image-file", "sha256": "bde2a055897076e9f501447d0703389abbb8a6d8a8b1de43afc7ba3eec88c65e", "size": 33869, "path": "media/images/feature_importance_0_bde2a055897076e9f501.png", "format": "png", "width": 1000, "height": 1000}, "_timestamp": 1670529175.6774971, "_runtime": 40.08660125732422, "_step": 0, "_wandb": {"runtime": 39}}