{"r2": 0.577683248537273, "mae": 32.712733552631576, "feature_importance": {"_type": "image-file", "sha256": "c4be5cac8aafc6dd0b1ff67cef0f38019d0c3ee60e2992fdcbe0223b09a2b10a", "size": 33870, "path": "media/images/feature_importance_0_c4be5cac8aafc6dd0b1f.png", "format": "png", "width": 1000, "height": 1000}, "_timestamp": 1670529282.766144, "_runtime": 39.19857907295227, "_step": 0, "_wandb": {"runtime": 38}}