{"r2": 0.5206489889587468, "mae": 34.138689144736844, "feature_importance": {"_type": "image-file", "sha256": "00fa002e36a6ef34492790453d52095dd766578d13ebea92fbdd2defa5cfa2b8", "size": 33867, "path": "media/images/feature_importance_0_00fa002e36a6ef344927.png", "format": "png", "width": 1000, "height": 1000}, "_timestamp": 1670574623.30247, "_runtime": 33.96439790725708, "_step": 0, "_wandb": {"runtime": 33}}