{"r2": 0.5800513773778726, "mae": 32.59326644736842, "feature_importance": {"_type": "image-file", "sha256": "712f408a28a92de9c42b376fc70216cc55529dab304453366690143f55ca91c8", "size": 33853, "path": "media/images/feature_importance_0_712f408a28a92de9c42b.png", "format": "png", "width": 1000, "height": 1000}, "_timestamp": 1670530523.1983, "_runtime": 40.323513984680176, "_step": 0, "_wandb": {"runtime": 39}}