{"r2": 0.5776645211270071, "mae": 32.630134868421045, "feature_importance": {"_type": "image-file", "sha256": "7e91e02c1ab7b51050386d0750aecd3e65158eb1cd827e95b75786ae33b63756", "size": 33869, "path": "media/images/feature_importance_0_7e91e02c1ab7b5105038.png", "format": "png", "width": 1000, "height": 1000}, "_timestamp": 1670529064.129228, "_runtime": 39.43655514717102, "_step": 0, "_wandb": {"runtime": 38}}