{"r2": 0.542882350366495, "mae": 33.228490131578944, "feature_importance": {"_type": "image-file", "sha256": "77e5535804d9dd42f0da75b0d54df419e74e16dcb0760df0e95c2f423674baf9", "size": 33865, "path": "media/images/feature_importance_0_77e5535804d9dd42f0da.png", "format": "png", "width": 1000, "height": 1000}, "_timestamp": 1670574860.599364, "_runtime": 36.833980083465576, "_step": 0, "_wandb": {"runtime": 36}}