{"r2": 0.5644560680371882, "mae": 32.629927631578944, "feature_importance": {"_type": "image-file", "sha256": "403001b19d1da1ee46cb0a7334dc13cf4d6e19d40f23ab273f47be66fcc3f2df", "size": 33336, "path": "media/images/feature_importance_0_403001b19d1da1ee46cb.png", "format": "png", "width": 1000, "height": 1000}, "_timestamp": 1670528516.959629, "_runtime": 38.48272514343262, "_step": 0, "_wandb": {"runtime": 37}}