{"r2": 0.579726334678781, "mae": 32.599240131578945, "feature_importance": {"_type": "image-file", "sha256": "dbb7c04e013c034886c41ba10a324b3d2299d271f20e52f1ace52ac863978525", "size": 33866, "path": "media/images/feature_importance_0_dbb7c04e013c034886c4.png", "format": "png", "width": 1000, "height": 1000}, "_timestamp": 1670577764.926154, "_runtime": 42.80344796180725, "_step": 0, "_wandb": {"runtime": 42}}